timestamp,symbol,realized_pnl,unrealized_pnl,total_pnl,commission_cost,tax_cost,slippage_cost,impact_cost,spread_cost,total_cost,gross_pnl,net_pnl
2026-03-17 09:00:05,009150,5955929.755033988,0.0,5955929.755033988,11614.063022316275,0.0,35853.11169299682,1069.4243500121397,0.0,48536.59906532523,5955929.755033988,5944315.692011671
2026-03-17 09:00:10,009150,9783858.102639295,0.0,9783858.102639295,19078.523300146626,0.0,59774.46056487453,2639.6332710935117,0.0,81492.61713611466,9783858.102639295,9764779.579339148
2026-03-17 09:18:20,009150,0.0,-5263.668988811201,-5263.668988811201,895.9145503483218,0.0,5268.311839456157,1765.2246435682912,0.0,7929.451033372769,-5263.668988811201,-6159.583539159523
2026-03-17 09:18:30,009150,0.0,-23433.10586437583,-23433.10586437583,2948.350415531335,0.0,25201.7081143352,13686.963277266914,0.0,41837.02180713345,-23433.10586437583,-26381.456279907165
2026-03-17 09:19:55,009150,30786.008262245217,19032.275298312306,49818.283560557524,38374.540209378625,0.0,2751.7741551327103,8734.519142352898,0.0,49860.833506864234,49818.283560557524,11443.743351178899
2026-03-17 09:19:55,009150,23581.952549368725,0.0,23581.952549368725,38374.540209378625,0.0,2751.7741551327103,8734.519142352898,0.0,49860.833506864234,23581.952549368725,-14792.5876600099
2026-03-17 09:19:55,009150,19679251.389424935,0.0,19679251.389424935,38374.540209378625,0.0,2751.7741551327103,8734.519142352898,0.0,49860.833506864234,19679251.389424935,19640876.849215556
2026-03-17 09:19:55,009150,19679251.389424935,0.0,19679251.389424935,38374.540209378625,0.0,2751.7741551327103,8734.519142352898,0.0,49860.833506864234,19679251.389424935,19640876.849215556
2026-03-17 09:19:55,009150,19679251.389424935,0.0,19679251.389424935,38374.540209378625,0.0,2751.7741551327103,8734.519142352898,0.0,49860.833506864234,19679251.389424935,19640876.849215556
2026-03-17 09:20:30,009150,0.0,-89157.97056059213,-89157.97056059213,7464.923695584089,0.0,60230.77829853735,60265.939289955066,0.0,127961.6412840765,-89157.97056059213,-96622.89425617622
2026-03-17 09:20:35,009150,0.0,-173616.65741610166,-173616.65741610166,3212.0938030283255,0.0,1458.7862258393757,13975.955284464264,0.0,18646.835313331965,-173616.65741610166,-176828.75121912998
2026-03-17 09:20:35,009150,0.0,-200075.34427160583,-200075.34427160583,3212.0938030283255,0.0,1458.7862258393757,13975.955284464264,0.0,18646.835313331965,-200075.34427160583,-203287.43807463415
2026-03-17 09:21:30,009150,-26179.949181059375,-78434.55252766423,-104614.5017087236,26698.348642997622,0.0,3461.7175943875673,4535.004108911708,0.0,34695.070346296896,-104614.5017087236,-131312.85035172122
2026-03-17 09:21:30,009150,-24274.816923724487,-64793.760783722624,-89068.57770744711,26698.348642997622,0.0,3461.7175943875673,4535.004108911708,0.0,34695.070346296896,-89068.57770744711,-115766.92635044473
2026-03-17 09:21:30,009150,-21567.523715933785,-51152.96903978102,-72720.4927557148,26698.348642997622,0.0,3461.7175943875673,4535.004108911708,0.0,34695.070346296896,-72720.4927557148,-99418.84139871242
2026-03-17 09:22:00,009150,0.0,-147811.66494828602,-147811.66494828602,4111.8988043862755,0.0,4659.487773926725,20686.359586583858,0.0,29457.74616489686,-147811.66494828602,-151923.5637526723
2026-03-17 09:22:35,009150,0.0,-262745.3439668729,-262745.3439668729,2951.4650518527887,0.0,66.32075786839269,11447.020984380206,0.0,14464.806794101387,-262745.3439668729,-265696.8090187257
2026-03-17 09:22:35,009150,0.0,-285679.0229854651,-285679.0229854651,2951.4650518527887,0.0,66.32075786839269,11447.020984380206,0.0,14464.806794101387,-285679.0229854651,-288630.48803731793
2026-03-17 09:28:35,009150,-42186.69371613767,-123065.8524878876,-165252.54620402528,38324.22598200613,0.0,50.77832720239706,11537.246863080361,0.0,49912.25117228889,-165252.54620402528,-203576.7721860314
2026-03-17 09:29:15,009150,-13027.41733152303,-6452.681990310084,-19480.099321833113,38373.288651295334,0.0,2109.790938339819,9380.477098229661,0.0,49863.55668786482,-19480.099321833113,-57853.38797312845
2026-03-17 09:29:15,009150,-10726.164879351738,-4839.511492732563,-15565.676372084301,38373.288651295334,0.0,2109.790938339819,9380.477098229661,0.0,49863.55668786482,-15565.676372084301,-53938.965023379635
2026-03-17 09:29:15,009150,-6629.0338069634745,-3226.340995155042,-9855.374802118517,38373.288651295334,0.0,2109.790938339819,9380.477098229661,0.0,49863.55668786482,-9855.374802118517,-48228.66345341385
2026-03-17 09:29:15,009150,2175.885748250992,-1613.170497577521,562.715250673471,38373.288651295334,0.0,2109.790938339819,9380.477098229661,0.0,49863.55668786482,562.715250673471,-37810.57340062186
2026-03-17 09:29:15,009150,2175.885748250992,0.0,2175.885748250992,38373.288651295334,0.0,2109.790938339819,9380.477098229661,0.0,49863.55668786482,2175.885748250992,-36197.40290304434
2026-03-17 09:30:25,009150,0.0,-16807.842128074262,-16807.842128074262,2507.783676319211,0.0,16824.756736244202,7064.9448027193475,0.0,26397.48521528276,-16807.842128074262,-19315.625804393472
2026-03-17 09:30:30,009150,0.0,-85959.78111153096,-85959.78111153096,4947.960290847518,0.0,11155.710470953858,30447.76971112064,0.0,46551.44047292201,-85959.78111153096,-90907.74140237848
2026-03-17 09:30:30,009150,0.0,-183957.67130573047,-183957.67130573047,7457.54968352913,0.0,40030.09486074514,69134.16153515525,0.0,116621.80607942952,-183957.67130573047,-191415.2209892596
2026-03-17 09:31:30,009150,-61458.95872381143,-145897.46344937244,-207356.42217318388,39991.77243580847,0.0,23372.08509976603,11385.760582447183,0.0,74749.61811802168,-207356.42217318388,-247348.19460899234
2026-03-17 09:33:05,009150,0.0,-445221.59821602807,-445221.59821602807,2944.623620214997,0.0,23351.880030585642,11838.200186147726,0.0,38134.70383694836,-445221.59821602807,-448166.22183624306
2026-03-17 09:35:45,009150,8010.923879872658,103822.72142717754,111833.6453070502,38422.30279288284,0.0,27282.74675034647,7248.078936519414,0.0,72953.12847974873,111833.6453070502,73411.34251416737
2026-03-17 09:35:45,009150,10617.948680741014,77867.04107038316,88484.98975112417,38422.30279288284,0.0,27282.74675034647,7248.078936519414,0.0,72953.12847974873,88484.98975112417,50062.686958241335
2026-03-17 09:35:45,009150,16562.82219006098,51911.36071358877,68474.18290364975,38422.30279288284,0.0,27282.74675034647,7248.078936519414,0.0,72953.12847974873,68474.18290364975,30051.880110766913
2026-03-17 09:35:45,009150,30652.33844868373,25955.680356794386,56608.01880547812,38422.30279288284,0.0,27282.74675034647,7248.078936519414,0.0,72953.12847974873,56608.01880547812,18185.71601259528
2026-03-17 09:35:45,009150,72920.88722455199,0.0,72920.88722455199,38422.30279288284,0.0,27282.74675034647,7248.078936519414,0.0,72953.12847974873,72920.88722455199,34498.58443166915
2026-03-17 09:36:45,009150,0.0,-116115.21952964045,-116115.21952964045,7400.4172829294475,0.0,29883.309149872242,50734.626220564234,0.0,88018.35265336593,-116115.21952964045,-123515.6368125699
2026-03-17 09:39:20,009150,0.0,-182409.36751170736,-182409.36751170736,4432.844122197309,0.0,20308.093953967204,20319.96309128688,0.0,45060.90116745139,-182409.36751170736,-186842.21163390466
2026-03-17 09:42:55,009150,0.0,-386320.349255366,-386320.349255366,2947.56164726155,0.0,3088.532743127621,8419.51290201439,0.0,14455.607292403562,-386320.349255366,-389267.91090262757
2026-03-17 09:42:55,009150,0.0,-406231.33099903003,-406231.33099903003,2947.56164726155,0.0,3088.532743127621,8419.51290201439,0.0,14455.607292403562,-406231.33099903003,-409178.8926462916
2026-03-17 09:42:55,009150,0.0,-426142.3127427101,-426142.3127427101,2947.56164726155,0.0,3088.532743127621,8419.51290201439,0.0,14455.607292403562,-426142.3127427101,-429089.87438997166
2026-03-17 09:42:55,009150,0.0,-446053.2944863634,-446053.2944863634,2947.56164726155,0.0,3088.532743127621,8419.51290201439,0.0,14455.607292403562,-446053.2944863634,-449000.85613362497
2026-03-17 09:44:10,009150,-32921.020473735174,72550.4613843381,39629.44091060292,96740.83133402409,0.0,107916.9751703654,37267.4472044198,0.0,241925.2537088093,39629.44091060292,-57111.390423421166
2026-03-17 09:44:10,009150,22687.89810758899,39154.217255039606,61842.115362628596,96740.83133402409,0.0,107916.9751703654,37267.4472044198,0.0,241925.2537088093,61842.115362628596,-34898.71597139549
2026-03-17 09:44:10,009150,57472.43360859621,5757.973125741119,63230.40673433733,96740.83133402409,0.0,107916.9751703654,37267.4472044198,0.0,241925.2537088093,63230.40673433733,-33510.424599686754
2026-03-17 09:44:10,009150,57472.43360858946,0.0,57472.43360858946,96740.83133402409,0.0,107916.9751703654,37267.4472044198,0.0,241925.2537088093,57472.43360858946,-39268.397725434625
2026-03-17 09:44:10,009150,49610682.73539697,0.0,49610682.73539697,96740.83133402409,0.0,107916.9751703654,37267.4472044198,0.0,241925.2537088093,49610682.73539697,49513941.90406294
2026-03-17 09:44:15,009150,0.0,-97630.32031592738,-97630.32031592738,7324.894548047389,0.0,12133.334309454018,40711.71461544483,0.0,60169.94347294624,-97630.32031592738,-104955.21486397478
2026-03-17 09:45:10,009150,0.0,-139483.09132449212,-139483.09132449212,2309.152915651285,0.0,4354.002107688339,4356.549797628472,0.0,11019.704820968096,-139483.09132449212,-141792.24424014342
2026-03-17 09:45:15,009150,0.0,-169054.36701273546,-169054.36701273546,4106.035691353238,0.0,13578.00739599108,13585.952397393066,0.0,31269.995484737385,-169054.36701273546,-173160.4027040887
2026-03-17 09:45:20,009150,0.0,-170107.4374265205,-170107.4374265205,256.50796056206815,0.0,53.0720608456385,53.10311529902974,0.0,362.6831367067364,-170107.4374265205,-170363.94538708258
2026-03-17 09:46:15,009150,0.0,-243243.77874624176,-243243.77874624176,7381.032951197958,0.0,44426.415508289334,44452.41107031876,0.0,96259.85952980605,-243243.77874624176,-250624.81169743973
2026-03-17 09:49:10,009150,0.0,-424833.4196643338,-424833.4196643338,2498.75094613771,0.0,4409.191731573092,5344.482115793587,0.0,12252.42479350439,-424833.4196643338,-427332.1706104715
2026-03-17 09:49:10,009150,0.0,-439923.0605823965,-439923.0605823965,2498.75094613771,0.0,4409.191731573092,5344.482115793587,0.0,12252.42479350439,-439923.0605823965,-442421.8115285342
2026-03-17 09:49:10,009150,0.0,-455012.70150047494,-455012.70150047494,2498.75094613771,0.0,4409.191731573092,5344.482115793587,0.0,12252.42479350439,-455012.70150047494,-457511.45244661265
2026-03-17 09:49:10,009150,0.0,-470102.3424185523,-470102.3424185523,2498.75094613771,0.0,4409.191731573092,5344.482115793587,0.0,12252.42479350439,-470102.3424185523,-472601.09336469
2026-03-17 09:49:10,009150,0.0,-485191.98333662376,-485191.98333662376,2498.75094613771,0.0,4409.191731573092,5344.482115793587,0.0,12252.42479350439,-485191.98333662376,-487690.73428276146
2026-03-17 09:49:30,009150,-54238.332940554246,-195218.68226300506,-249457.0152035593,51599.40818785948,0.0,2735.250841860827,12751.41122356737,0.0,67086.07025328767,-249457.0152035593,-301056.42339141876
2026-03-17 09:49:30,009150,-48567.343193806475,-169245.38118938636,-217812.72438319284,51599.40818785948,0.0,2735.250841860827,12751.41122356737,0.0,67086.07025328767,-217812.72438319284,-269412.1325710523
2026-03-17 09:57:15,009150,-17548.43631565344,-960312.9117133326,-977861.348028986,5800.829589886187,0.0,15880.36539861346,215.45256943083206,0.0,21896.64755793048,-977861.348028986,-983662.1776188723
2026-03-17 09:57:20,009150,-2477.905624059902,-957893.9875024678,-960371.8931265278,828.7415401193634,0.0,254.18628269708748,4.3358055661800625,0.0,1087.2636283826312,-960371.8931265278,-961200.6346666472
2026-03-17 09:58:00,009150,0.0,-1554926.4705384024,-1554926.4705384024,636.0798724553908,0.0,1966.604501361277,532.864096888408,0.0,3135.548470705076,-1554926.4705384024,-1555562.550410858
2026-03-17 09:58:00,009150,0.0,-1557958.9535743613,-1557958.9535743613,636.0798724553908,0.0,1966.604501361277,532.864096888408,0.0,3135.548470705076,-1557958.9535743613,-1558595.0334468167
2026-03-17 09:58:00,009150,0.0,-1560991.4366103015,-1560991.4366103015,636.0798724553908,0.0,1966.604501361277,532.864096888408,0.0,3135.548470705076,-1560991.4366103015,-1561627.516482757
2026-03-17 09:58:05,009150,0.0,-1576718.2861938353,-1576718.2861938353,2290.609027437531,0.0,2272.812093093143,6733.784500061637,0.0,11297.20562059231,-1576718.2861938353,-1579008.895221273
2026-03-17 09:58:05,009150,0.0,-1592445.1357773812,-1592445.1357773812,2290.609027437531,0.0,2272.812093093143,6733.784500061637,0.0,11297.20562059231,-1592445.1357773812,-1594735.7448048189
2026-03-17 09:58:05,009150,0.0,-1608171.9853609288,-1608171.9853609288,2290.609027437531,0.0,2272.812093093143,6733.784500061637,0.0,11297.20562059231,-1608171.9853609288,-1610462.5943883664
2026-03-17 09:59:00,009150,-235113.05941626057,-889108.6470590458,-1124221.7064753063,76076.51360080918,0.0,28617.694952140748,40337.72643390964,0.0,145031.93498685956,-1124221.7064753063,-1200298.2200761156
2026-03-17 09:59:00,009150,-214422.05898556183,-704045.308757163,-918467.3677427248,76076.51360080918,0.0,28617.694952140748,40337.72643390964,0.0,145031.93498685956,-918467.3677427248,-994543.881343534
2026-03-17 09:59:00,009150,-178281.75268555526,-518981.97045528016,-697263.7231408354,76076.51360080918,0.0,28617.694952140748,40337.72643390964,0.0,145031.93498685956,-697263.7231408354,-773340.2367416446
2026-03-17 09:59:00,009150,-136399.81235103775,-333918.6321533973,-470318.44450443506,76076.51360080918,0.0,28617.694952140748,40337.72643390964,0.0,145031.93498685956,-470318.44450443506,-546394.9581052442
2026-03-17 09:59:00,009150,-55151.87158395513,-148855.29385151446,-204007.1654354696,76076.51360080918,0.0,28617.694952140748,40337.72643390964,0.0,145031.93498685956,-204007.1654354696,-280083.67903627874
2026-03-17 09:59:05,009150,0.0,-225140.59440766135,-225140.59440766135,4269.605295083422,0.0,5786.47665455648,22566.44616184302,0.0,32622.528111482923,-225140.59440766135,-229410.19970274478
2026-03-17 09:59:10,009150,0.0,-248693.27139619068,-248693.27139619068,3058.13290154828,0.0,447.31319697083654,11566.038630132636,0.0,15071.484728651752,-248693.27139619068,-251751.40429773898
2026-03-17 10:02:30,009150,0.0,-333991.4093723977,-333991.4093723977,7331.107220696432,0.0,85447.26605066523,56647.00197407347,0.0,149425.37524543513,-333991.4093723977,-341322.51659309416
2026-03-17 10:03:25,009150,0.0,-513881.9912808633,-513881.9912808633,3500.1210872862657,0.0,390.588446359158,14157.503938277245,0.0,18048.213471922667,-513881.9912808633,-517382.11236814957
2026-03-17 10:03:25,009150,0.0,-541772.5731892996,-541772.5731892996,3500.1210872862657,0.0,390.588446359158,14157.503938277245,0.0,18048.213471922667,-541772.5731892996,-545272.6942765858
2026-03-17 10:03:25,009150,0.0,-569663.1550977294,-569663.1550977294,3500.1210872862657,0.0,390.588446359158,14157.503938277245,0.0,18048.213471922667,-569663.1550977294,-573163.2761850157
2026-03-17 10:03:25,009150,0.0,-597553.7370061714,-597553.7370061714,3500.1210872862657,0.0,390.588446359158,14157.503938277245,0.0,18048.213471922667,-597553.7370061714,-601053.8580934576
2026-03-17 10:07:20,009150,-114242.5668998282,-502903.0496559572,-617145.6165557854,68486.8842174918,0.0,49700.4831755115,28979.846546665947,0.0,147167.21393966925,-617145.6165557854,-685632.5007732773
2026-03-17 10:13:50,009150,12472.730672416044,142773.2183369274,155245.94900934346,36453.07012112655,0.0,4883.388749038396,6112.289611276895,0.0,47448.748481441835,155245.94900934346,118792.87888821692
2026-03-17 10:13:50,009150,13735.08946789545,126949.48632981203,140684.57579770748,36453.07012112655,0.0,4883.388749038396,6112.289611276895,0.0,47448.748481441835,140684.57579770748,104231.50567658094
2026-03-17 10:13:50,009150,14954.408987043425,111125.75432269665,126080.16330974008,36453.07012112655,0.0,4883.388749038396,6112.289611276895,0.0,47448.748481441835,126080.16330974008,89627.09318861354
2026-03-17 10:13:50,009150,17259.68801082135,95302.02231558127,112561.71032640262,36453.07012112655,0.0,4883.388749038396,6112.289611276895,0.0,47448.748481441835,112561.71032640262,76108.64020527608
2026-03-17 10:13:55,009150,0.0,-112178.70351803704,-112178.70351803704,7274.472108875042,0.0,17987.394903438504,46552.70126932461,0.0,71814.56828163814,-112178.70351803704,-119453.17562691208
2026-03-17 10:14:25,009150,0.0,-307380.35576035635,-307380.35576035635,1146.3302478363494,0.0,3296.9248163417233,1202.5494338702072,0.0,5645.80449804828,-307380.35576035635,-308526.6860081927
2026-03-17 10:14:25,009150,0.0,-313082.0080026897,-313082.0080026897,1146.3302478363494,0.0,3296.9248163417233,1202.5494338702072,0.0,5645.80449804828,-313082.0080026897,-314228.33825052605
2026-03-17 10:14:25,009150,0.0,-318783.6602450229,-318783.6602450229,1146.3302478363494,0.0,3296.9248163417233,1202.5494338702072,0.0,5645.80449804828,-318783.6602450229,-319929.9904928593
2026-03-17 10:14:25,009150,0.0,-324485.3124873668,-324485.3124873668,1146.3302478363494,0.0,3296.9248163417233,1202.5494338702072,0.0,5645.80449804828,-324485.3124873668,-325631.64273520315
2026-03-17 10:14:25,009150,0.0,-330186.96472968865,-330186.96472968865,1146.3302478363494,0.0,3296.9248163417233,1202.5494338702072,0.0,5645.80449804828,-330186.96472968865,-331333.294977525
2026-03-17 10:14:35,009150,-30437.100969626103,-80997.28144496033,-111434.38241458643,59563.85129939718,0.0,435.2248770252667,18413.267442750745,0.0,78412.34361917319,-111434.38241458643,-170998.23371398362
2026-03-17 10:14:35,009150,-29790.116120677907,-66307.59816023201,-96097.71428090992,59563.85129939718,0.0,435.2248770252667,18413.267442750745,0.0,78412.34361917319,-96097.71428090992,-155661.5655803071
2026-03-17 10:15:05,009150,0.0,-265517.1855698631,-265517.1855698631,4587.406438111442,0.0,709.6038740144821,18732.07222708322,0.0,24029.082539209143,-265517.1855698631,-270104.59200797457
2026-03-17 10:15:05,009150,0.0,-302226.7729794637,-302226.7729794637,4587.406438111442,0.0,709.6038740144821,18732.07222708322,0.0,24029.082539209143,-302226.7729794637,-306814.1794175751
2026-03-17 10:15:05,009150,0.0,-338936.36038906896,-338936.36038906896,4587.406438111442,0.0,709.6038740144821,18732.07222708322,0.0,24029.082539209143,-338936.36038906896,-343523.7668271804
2026-03-17 10:15:05,009150,0.0,-375645.9477986882,-375645.9477986882,4587.406438111442,0.0,709.6038740144821,18732.07222708322,0.0,24029.082539209143,-375645.9477986882,-380233.35423679964
2026-03-17 10:15:05,009150,0.0,-412355.53520833026,-412355.53520833026,4587.406438111442,0.0,709.6038740144821,18732.07222708322,0.0,24029.082539209143,-412355.53520833026,-416942.9416464417
2026-03-17 10:19:25,009150,-50300.87117546471,-380450.6543819923,-430751.525557457,43800.18733071671,0.0,23590.66892387758,10354.584935325622,0.0,77745.4411899199,-430751.525557457,-474551.7128881737
2026-03-17 10:19:30,009150,-62223.99323328753,-343729.94248752785,-405953.9357208154,50408.04348728814,0.0,28938.85580797567,13705.927869596278,0.0,93052.8271648601,-405953.9357208154,-456361.9792081035
2026-03-17 10:20:10,009150,-88168.0497818609,-46604.34976672544,-134772.39954858634,94272.80607499782,0.0,19463.40459062105,47895.483429483844,0.0,161631.69409510272,-134772.39954858634,-229045.20562358416
2026-03-17 10:20:10,009150,-74390.87528111099,-34978.757045923034,-109369.63232703402,94272.80607499782,0.0,19463.40459062105,47895.483429483844,0.0,161631.69409510272,-109369.63232703402,-203642.43840203184
2026-03-17 10:20:10,009150,-77594.75698941399,-23353.164325120626,-100947.92131453461,94272.80607499782,0.0,19463.40459062105,47895.483429483844,0.0,161631.69409510272,-100947.92131453461,-195220.72738953243
2026-03-17 10:20:10,009150,-77594.75698941399,-11727.571604318218,-89322.3285937322,94272.80607499782,0.0,19463.40459062105,47895.483429483844,0.0,161631.69409510272,-89322.3285937322,-183595.13466873002
2026-03-17 10:20:10,009150,-77594.75698941399,-101.9788835158106,-77696.7358729298,94272.80607499782,0.0,19463.40459062105,47895.483429483844,0.0,161631.69409510272,-77696.7358729298,-171969.54194792762
2026-03-17 10:20:30,009150,0.0,-76405.0709656669,-76405.0709656669,7202.407963812325,0.0,19310.855302877066,47628.283000394986,0.0,74141.54626708437,-76405.0709656669,-83607.47892947923
2026-03-17 10:20:30,009150,0.0,-152208.16304782388,-152208.16304782388,7202.407963812325,0.0,19310.855302877066,47628.283000394986,0.0,74141.54626708437,-152208.16304782388,-159410.5710116362
2026-03-17 10:20:30,009150,0.0,-228011.25512999715,-228011.25512999715,7202.407963812325,0.0,19310.855302877066,47628.283000394986,0.0,74141.54626708437,-228011.25512999715,-235213.66309380947
2026-03-17 10:20:30,009150,0.0,-303814.34721214743,-303814.34721214743,7202.407963812325,0.0,19310.855302877066,47628.283000394986,0.0,74141.54626708437,-303814.34721214743,-311016.7551759598
2026-03-17 10:31:20,009150,-61657.55906993942,-266256.723715723,-327914.28278566245,46281.08291837665,0.0,24086.854007033624,10101.062212048007,0.0,80468.99913745828,-327914.28278566245,-374195.3657040391
2026-03-17 10:41:05,009150,0.0,-285405.825809174,-285405.825809174,2802.9223653140193,0.0,19168.745748628015,8157.46165782456,0.0,30129.12977176659,-285405.825809174,-288208.748174488
2026-03-17 10:50:30,009150,-64932.978357339045,-256929.96110258973,-321862.9394599288,36329.57036689255,0.0,7551.966077439058,7935.567781880622,0.0,51817.10422621223,-321862.9394599288,-358192.50982682133
2026-03-17 10:50:30,009150,-64818.33854200924,-228454.09639600548,-293272.4349380147,36329.57036689255,0.0,7551.966077439058,7935.567781880622,0.0,51817.10422621223,-293272.4349380147,-329602.0053049073
2026-03-17 10:50:30,009150,-64675.119962523226,-199978.23168942123,-264653.35165194445,36329.57036689255,0.0,7551.966077439058,7935.567781880622,0.0,51817.10422621223,-264653.35165194445,-300982.922018837
2026-03-17 10:50:30,009150,-64491.11421476281,-171502.36698283697,-235993.4811975998,36329.57036689255,0.0,7551.966077439058,7935.567781880622,0.0,51817.10422621223,-235993.4811975998,-272323.05156449234
2026-03-17 10:50:30,009150,-64246.00467152381,-143026.50227625272,-207272.50694777654,36329.57036689255,0.0,7551.966077439058,7935.567781880622,0.0,51817.10422621223,-207272.50694777654,-243602.0773146691
2026-03-17 10:50:35,009150,0.0,-290368.73012436193,-290368.73012436193,4327.776334177214,0.0,2842.507866787672,19867.5976860099,0.0,27037.881886974785,-290368.73012436193,-294696.50645853917
2026-03-17 10:50:40,009150,0.0,-309632.02585362573,-309632.02585362573,2799.6394943593873,0.0,2736.3030520059597,8271.833048067925,0.0,13807.775594433271,-309632.02585362573,-312431.6653479851
2026-03-17 10:51:45,009150,0.0,-342875.0220785395,-342875.0220785395,4072.986449433737,0.0,33283.744631919995,17264.132244766657,0.0,54620.863326120394,-342875.0220785395,-346948.0085279732
2026-03-17 10:53:40,009150,0.0,-761494.5108549921,-761494.5108549921,2793.392923316466,0.0,21644.616581122948,10631.831549321389,0.0,35069.8410537608,-761494.5108549921,-764287.9037783085
2026-03-17 10:54:20,009150,-5823.633784523001,108482.26573824976,102658.63195372676,36407.748293206845,0.0,25675.410073428804,7352.6194094323855,0.0,69435.77777606803,102658.63195372676,66250.8836605199
2026-03-17 14:04:35,009150,0.0,7451595.645716074,7451595.645716074,332.6454930033288,0.0,103501.87128799192,136.705499939712,0.0,103971.22228093496,7451595.645716074,7451263.00022307
2026-03-17 14:04:40,009150,0.0,7430653.266036935,7430653.266036935,2862.1038569518714,0.0,899979.7305188803,10203.578812662094,0.0,913045.4131884943,7430653.266036935,7427791.162179983
2026-03-17 14:05:00,009150,84909.15890168544,7677162.779901689,7762071.938803375,4323.913147205638,0.0,1141.9453347140268,108.51479678681486,0.0,5574.37327870648,7762071.938803375,7757748.025656169
2026-03-17 14:05:00,009150,84819.63527076528,7589922.293766443,7674741.929037208,4323.913147205638,0.0,1141.9453347140268,108.51479678681486,0.0,5574.37327870648,7674741.929037208,7670418.015890002
2026-03-17 14:05:00,009150,84728.05362534098,7502681.807631196,7587409.861256537,4323.913147205638,0.0,1141.9453347140268,108.51479678681486,0.0,5574.37327870648,7587409.861256537,7583085.948109332
2026-03-17 14:05:45,009150,0.0,7177197.328453143,7177197.328453143,665.3226718767079,0.0,4510.928495755504,484.8053862912181,0.0,5661.05655392343,7177197.328453143,7176532.005781267
2026-03-17 14:05:45,009150,0.0,7174212.8492751075,7174212.8492751075,665.3226718767079,0.0,4510.928495755504,484.8053862912181,0.0,5661.05655392343,7174212.8492751075,7173547.526603231
2026-03-17 14:05:45,009150,0.0,7171228.37009708,7171228.37009708,665.3226718767079,0.0,4510.928495755504,484.8053862912181,0.0,5661.05655392343,7171228.37009708,7170563.047425204
2026-03-17 14:05:45,009150,0.0,7168243.8909190325,7168243.8909190325,665.3226718767079,0.0,4510.928495755504,484.8053862912181,0.0,5661.05655392343,7168243.8909190325,7167578.568247156
2026-03-17 14:05:45,009150,0.0,7165259.411740992,7165259.411740992,665.3226718767079,0.0,4510.928495755504,484.8053862912181,0.0,5661.05655392343,7165259.411740992,7164594.089069116
2026-03-17 14:05:50,009150,599581.6991509241,6788154.460762576,7387736.159913501,34578.294742432285,0.0,2459.1832715762284,7533.705296770881,0.0,44571.183310779394,7387736.159913501,7353157.865171068
2026-03-17 14:08:35,009150,683988.1842707293,6737194.262235239,7421182.446505968,36438.665680722894,0.0,13994.290956356592,3502.1543921322605,0.0,53935.111029211745,7421182.446505968,7384743.780825245
2026-03-17 14:19:40,009150,0.0,7320495.159369295,7320495.159369295,2816.5798654298933,0.0,7298.05952330229,3201.438509053252,0.0,13316.077897785435,7320495.159369295,7317678.579503866
2026-03-17 14:19:40,009150,0.0,7306796.056503325,7306796.056503325,2816.5798654298933,0.0,7298.05952330229,3201.438509053252,0.0,13316.077897785435,7306796.056503325,7303979.476637895
2026-03-17 14:19:40,009150,0.0,7293096.953637358,7293096.953637358,2816.5798654298933,0.0,7298.05952330229,3201.438509053252,0.0,13316.077897785435,7293096.953637358,7290280.373771928
2026-03-17 14:19:40,009150,0.0,7279397.8507714085,7279397.8507714085,2816.5798654298933,0.0,7298.05952330229,3201.438509053252,0.0,13316.077897785435,7279397.8507714085,7276581.270905979
2026-03-17 14:19:40,009150,0.0,7265698.74790542,7265698.74790542,2816.5798654298933,0.0,7298.05952330229,3201.438509053252,0.0,13316.077897785435,7265698.74790542,7262882.168039991
2026-03-17 14:19:45,009150,1171243.0607461585,5998981.531987699,7170224.592733857,92251.80345413569,0.0,46836.42912731977,20362.664630416002,0.0,159450.89721187146,7170224.592733857,7077972.789279722
2026-03-17 14:19:50,009150,917146.183428227,4756164.640898614,5673310.824326841,90512.27488991748,0.0,45404.31675644891,19429.749758352264,0.0,155346.34140471867,5673310.824326841,5582798.549436924
2026-03-17 14:20:10,009150,0.0,4543487.561349023,4543487.561349023,2813.426561932438,0.0,7320.062499399258,3179.397979340678,0.0,13312.887040672374,4543487.561349023,4540674.134787091
2026-03-17 14:20:10,009150,0.0,4529810.481799456,4529810.481799456,2813.426561932438,0.0,7320.062499399258,3179.397979340678,0.0,13312.887040672374,4529810.481799456,4526997.055237524
2026-03-17 14:20:10,009150,328674.31094683707,3740382.928954738,4069057.2399015753,73030.01877951327,0.0,33678.00605438224,12696.890266258055,0.0,119404.91510015355,4069057.2399015753,3996027.221122062
2026-03-17 14:26:35,009150,0.0,3925903.8074940536,3925903.8074940536,2816.5468682191054,0.0,13488.804447105118,2981.2615699586713,0.0,19286.612885282895,3925903.8074940536,3923087.2606258346
2026-03-17 14:29:40,009150,-19232.06193371932,3153158.4440514394,3133926.3821177203,36480.6889973699,0.0,13444.691236156657,2952.237147723192,0.0,52877.61738124975,3133926.3821177203,3097445.6931203506
2026-03-17 14:36:00,009150,0.0,3537779.4501523348,3537779.4501523348,2816.5318490848645,0.0,13388.533562686192,2881.0467166318585,0.0,19086.112128402914,3537779.4501523348,3534962.91830325
2026-03-17 14:37:45,009150,-2264.76006282249,3200082.3208196117,3197817.560756789,36562.905234375,0.0,13282.771226461273,2790.209495907273,0.0,52635.88595674354,3197817.560756789,3161254.655522414
2026-03-17 14:39:30,009150,0.0,3186855.351028254,3186855.351028254,2816.5090454687015,0.0,7769.81372705827,2728.8921164432554,0.0,13315.214888970228,3186855.351028254,3184038.841982785
2026-03-17 14:39:30,009150,0.0,3173628.381236919,3173628.381236919,2816.5090454687015,0.0,7769.81372705827,2728.8921164432554,0.0,13315.214888970228,3173628.381236919,3170811.8721914506
2026-03-17 14:39:30,009150,0.0,3160401.411445547,3160401.411445547,2816.5090454687015,0.0,7769.81372705827,2728.8921164432554,0.0,13315.214888970228,3160401.411445547,3157584.9024000783
2026-03-17 14:39:30,009150,0.0,3147174.441654214,3147174.441654214,2816.5090454687015,0.0,7769.81372705827,2728.8921164432554,0.0,13315.214888970228,3147174.441654214,3144357.9326087455
2026-03-17 14:39:30,009150,0.0,3133947.471862849,3133947.471862849,2816.5090454687015,0.0,7769.81372705827,2728.8921164432554,0.0,13315.214888970228,3133947.471862849,3131130.96281738
2026-03-17 14:39:35,009150,-57568.407843390014,2592722.990702324,2535154.582858934,91387.69172691231,0.0,43227.15502902381,17001.367151643783,0.0,151616.2139075799,2535154.582858934,2443766.891132022
2026-03-17 14:39:40,009150,-68190.51742636337,2051498.509541799,1983307.9921154357,91387.57899167128,0.0,43284.86125243274,17059.10572700801,0.0,151731.54597111203,1983307.9921154357,1891920.4131237643
2026-03-17 14:41:55,009150,0.0,1852246.9745596938,1852246.9745596938,66.97523024731701,0.0,248.3268312831001,1.5358473272905326,0.0,316.83790885770765,1852246.9745596938,1852179.9993294466
2026-03-17 14:41:55,009150,0.0,1851995.4395775683,1851995.4395775683,66.97523024731701,0.0,248.3268312831001,1.5358473272905326,0.0,316.83790885770765,1851995.4395775683,1851928.464347321
2026-03-17 14:41:55,009150,0.0,1851743.9045954735,1851743.9045954735,66.97523024731701,0.0,248.3268312831001,1.5358473272905326,0.0,316.83790885770765,1851743.9045954735,1851676.9293652263
2026-03-17 14:41:55,009150,0.0,1851492.3696133469,1851492.3696133469,66.97523024731701,0.0,248.3268312831001,1.5358473272905326,0.0,316.83790885770765,1851492.3696133469,1851425.3943830996
2026-03-17 14:41:55,009150,0.0,1851240.8346312325,1851240.8346312325,66.97523024731701,0.0,248.3268312831001,1.5358473272905326,0.0,316.83790885770765,1851240.8346312325,1851173.8594009853
2026-03-17 14:41:55,009150,-3854.616097371094,1832866.235776332,1829011.6196789609,3478.7521085580624,0.0,1023.9716339219697,24.545616954918643,0.0,4527.269359434951,1829011.6196789609,1825532.8675704028
2026-03-17 14:43:55,009150,0.0,2418691.504593545,2418691.504593545,2688.401209677419,0.0,12683.700965629903,2676.6240637969645,0.0,18048.726239104286,2418691.504593545,2416003.1033838675
2026-03-17 14:44:35,009150,15044.767566144,2198309.5907353633,2213354.3583015073,34899.82331579338,0.0,12645.768382137325,2652.834105113065,0.0,50198.42580304377,2213354.3583015073,2178454.534985714
2026-03-17 14:59:05,009150,0.0,2582154.8775470667,2582154.8775470667,2694.773206978247,0.0,15167.507914318701,5159.065177166439,0.0,23021.346298463384,2582154.8775470667,2579460.1043400886
2026-03-17 15:01:10,009150,63740.91772691347,2546378.8066999535,2610119.724426867,35011.503819080426,0.0,15369.489039164508,5378.049226633527,0.0,55759.04208487846,2610119.724426867,2575108.2206077864
2026-03-17 15:01:50,009150,0.0,2535888.900614027,2535888.900614027,2023.1984859128893,0.0,10498.070666130341,2992.233211435891,0.0,15513.502363479121,2535888.900614027,2533865.702128114
2026-03-17 15:01:55,009150,0.0,2533064.391801526,2533064.391801526,674.2986763218722,0.0,2826.2846277363637,324.71283652185025,0.0,3825.296140580086,2533064.391801526,2532390.093125204
2026-03-17 15:03:40,009150,95225.9246370499,2701261.258152184,2796487.182789234,35094.27204892967,0.0,12928.117268467835,2935.300728104315,0.0,50957.690045501826,2796487.182789234,2761392.9107403043
2026-03-17 15:04:40,009150,0.0,1485781.580465254,1485781.580465254,2686.2719516530397,0.0,1520.1932577984412,8488.436865830028,0.0,12694.902075281509,1485781.580465254,1483095.3085136008
2026-03-17 15:04:40,009150,0.0,1467301.902778324,1467301.902778324,2686.2719516530397,0.0,1520.1932577984412,8488.436865830028,0.0,12694.902075281509,1467301.902778324,1464615.630826671
2026-03-17 15:04:55,009150,-34791.858274952974,1344771.4724836831,1309979.6142087302,34847.60775009886,0.0,19410.816283215623,9421.678174230843,0.0,63680.10220754533,1309979.6142087302,1275132.0064586313
2026-03-17 15:10:40,009150,0.0,27517.356389933266,27517.356389933266,66.67561741406467,0.0,254.26145108381402,4.118448217317414,0.0,325.0555167151961,27517.356389933266,27450.6807725192
2026-03-17 15:12:20,009150,-1185.416993975523,1124954.8169435924,1123769.3999496168,870.6608692214111,0.0,257.09842600642776,7.242380428992104,0.0,1135.001675656831,1123769.3999496168,1122898.7390803953
2026-03-17 15:12:25,009150,-58128.76537104137,1022453.2390899622,964324.4737189208,34805.65451761103,0.0,20921.84880629592,10933.570351469458,0.0,66661.0736753764,964324.4737189208,929518.8192013098
2026-03-17 15:15:30,009150,-2746.790928152157,422890.69964362145,420143.9087154693,867.7386445527073,0.0,244.3107516111711,5.819960458968333,0.0,1117.869356622847,420143.9087154693,419276.1700709166
2026-03-17 15:15:30,009150,-2748.489520538249,421828.1601972807,419079.67067674245,867.7386445527073,0.0,244.3107516111711,5.819960458968333,0.0,1117.869356622847,419079.67067674245,418211.93203218974
2026-03-17 15:15:30,009150,-2750.1966700649355,420765.62075093994,418015.424080875,867.7386445527073,0.0,244.3107516111711,5.819960458968333,0.0,1117.869356622847,418015.424080875,417147.6854363223
2026-03-17 15:15:30,009150,-2751.9124415587867,419703.0813045992,416951.1688630404,867.7386445527073,0.0,244.3107516111711,5.819960458968333,0.0,1117.869356622847,416951.1688630404,416083.4302184877
2026-03-17 15:15:30,009150,-2753.636900503305,418640.5418582584,415886.9049577551,867.7386445527073,0.0,244.3107516111711,5.819960458968333,0.0,1117.869356622847,415886.9049577551,415019.1663132024
2026-03-17 15:16:45,009150,0.0,417262.75802172313,417262.75802172313,334.1441675754793,0.0,1378.6365207734382,127.86291951766705,0.0,1840.6436078665845,417262.75802172313,416928.61385414767
2026-03-17 15:25:00,009150,0.0,-622144.5261127176,-622144.5261127176,2729.1985926201614,0.0,42004.03093385081,31730.36787109846,0.0,76463.59739756942,-622144.5261127176,-624873.7247053378
2026-03-17 15:25:15,009150,-1360.4176484638592,915769.4387193568,914409.0210708929,869.6868053449582,0.0,256.61874964112064,6.762596414098231,0.0,1133.068151400177,914409.0210708929,913539.3342655479
2026-03-17 15:25:25,009150,-64484.312116284855,832328.0320023311,767843.7198860463,34767.891681109184,0.0,20288.84492351359,10300.224171920057,0.0,65356.96077654282,767843.7198860463,733075.828204937
2026-03-17 15:29:15,009150,0.0,817395.7302615028,817395.7302615028,2679.7398452611214,0.0,5066.261126247859,4936.427825846435,0.0,12682.428797355415,817395.7302615028,814715.9904162417
2026-03-17 15:29:15,009150,0.0,802463.4285206911,802463.4285206911,2679.7398452611214,0.0,5066.261126247859,4936.427825846435,0.0,12682.428797355415,802463.4285206911,799783.68867543
2026-03-17 15:29:15,009150,0.0,787531.1267798395,787531.1267798395,2679.7398452611214,0.0,5066.261126247859,4936.427825846435,0.0,12682.428797355415,787531.1267798395,784851.3869345784
2026-03-17 15:29:15,009150,0.0,772598.8250390168,772598.8250390168,2679.7398452611214,0.0,5066.261126247859,4936.427825846435,0.0,12682.428797355415,772598.8250390168,769919.0851937557
2026-03-17 15:29:15,009150,0.0,757666.5232982154,757666.5232982154,2679.7398452611214,0.0,5066.261126247859,4936.427825846435,0.0,12682.428797355415,757666.5232982154,754986.7834529543
2026-03-17 15:29:25,009150,-98715.90674419975,871853.5267267419,773137.6199825422,91357.281233447,0.0,58788.326336581886,32571.26544568982,0.0,182716.8730157187,773137.6199825422,681780.3387490952
2026-03-17 15:29:30,009150,-43004.39160989481,774784.8142369224,731780.4226270276,47872.260003596006,0.0,21354.483906834914,7616.44421745549,0.0,76843.1881278864,731780.4226270276,683908.1626234316
2026-03-17 15:29:50,009150,-49514.98495460255,504689.38697159925,455174.4020169967,34780.46509362485,0.0,13853.286371603735,3861.0533489434292,0.0,52494.80481417202,455174.4020169967,420393.93692337186
